spotify:playlist:7jiyunGXeQeegvBbWNSdaC,
Block & Crown;Give Me Your Love;Give Me Your Love;01;01;367619;2017-10-06;day,
CamelPhat;Cola (Mousse T.'s Glitterbox Mix);Cola - Mousse T.'s Glitterbox Mix;01;01;396013;2017-10-27;day,
Jan Blomqvist;Empty Floor;Empty Floor;01;01;218754;2016-04-25;day,
FDVM;Make It Right;Make It Right - Wankelmut Remix;01;01;186763;2017-07-21;day,
Eli & Fur;Illusions;You're so High;01;01;325497;2013-07-22;day,
Denney;Empire;Empire;01;01;164637;2018-11-09;day,
Mark Knight;Downpipe;Downpipe - Original Club Mix;02;01;490113;2009-09-29;day,
Dennis Cruz;To Burn (feat. Leo Wood);To Burn (feat. Leo Wood);01;01;238180;2020-02-28;day,
Jan Blomqvist;More;More;01;01;216699;2016-02-05;day,
Betoko;Wowshit;Raining Again;03;01;488269;2012-07-02;day,
Alex Hook;Won't Let Go;Won't Let Go - Anton Ishutin Remix;03;01;293069;2018-10-29;day,
DAVI;Lie Machine;Lie Machine;01;01;453439;2019-12-06;day,
Kinky Sound;Flames;Flames;01;01;443130;2020-07-17;day,
Kaz James;Stronger;Stronger - Extended;02;01;441034;2020-06-12;day,
CamelPhat;Hypercolour;Hypercolour;01;01;209081;2020-06-26;day,
CamelPhat;For a Feeling (feat. RHODES);For a Feeling (feat. RHODES);01;01;296324;2020-05-01;day,
CamelPhat;Siren Song;Siren Song - Radio Edit;01;01;207296;2015-08-17;day,
Jizz;She Likes To Dance;She Likes To Dance;01;01;336385;2020-08-31;day,
Adriatique;Home;Home;01;01;330500;2020-05-29;day,
PAX;Touch Me (PAX & Rui Da Silva Version);Touch Me - PAX & Rui Da Silva Extended Version;02;01;406375;2020-06-05;day,
PAX;Pass The Bottle EP;Pass The Bottle;01;01;224640;2019-09-27;day,
Danny Serrano;Craft;Behind;02;01;401904;2020-10-02;day,
Danny Serrano;Transitions;Blue Like Sky of My Paradise;01;01;391858;2015-06-15;day,
KI Creighton;Love Is Here;Love Is Here - Franky Rizardo Remix;03;01;401291;2018-05-11;day,
Hot Since 82;Knee Deep In Sound;Restless;13;01;440079;2015-03-12;day,
Route 94;My Love (feat. Jess Glynne);My Love (feat. Jess Glynne);01;01;259934;2014-02-28;day,
Carnage;Together (feat. Elderbrook & MIKE DEAN);Together (feat. Elderbrook & MIKE DEAN);01;01;345599;2020-08-07;day,
Emanuel Satie;Ride Your Body (feat. Max C) [Sabb Afterdark Mix];Ride Your Body (feat. Max C) - Sabb Afterdark Mix;01;01;374654;2016-10-28;day,
Joe Stone;Nothing Else (When I Think Of You);Nothing Else (When I Think Of You);01;01;157008;2019-10-04;day,
Blank & Jones;What You Won't Do for Love (Monte Remix);What You Won't Do for Love - Monte Remix;01;01;213353;2020-08-07;day,
Monte;Backyard EP;Backyard;01;01;478202;2016-05-20;day,
Nicon√©;Why;Why - Monte Remix;02;01;407053;2012-11-14;day,
Moderat;II;Bad Kingdom;02;01;262840;2013-08-05;day,
Ninetoes;Lit Cigarette;Lit Cigarette - Edit;01;01;303934;2020-08-14;day,
Kevin Over;Hood Funk;Soul X;01;01;354270;2012-12-17;day,
Claptone;Charmer;No Eyes (feat. Jaw);11;01;242671;2015-10-16;day,
Junge Junge;Beautiful Girl (feat. Kyle Pearce);Beautiful Girl - Tube & Berger Remix;03;01;414305;2015-03-02;day,
Ron Carroll;Solomun - Selected Remixes 2009 2015;Lucky Star - Solomun Remix;02;01;327986;2016-07-01;day,
Big Wild;City of Sound (Alex Metric Remix);City of Sound - Alex Metric Remix;01;01;423064;2019-06-05;day,
Wankelmut;Defected Radio Episode 111 (hosted by Sam Divine);Show You - Club Mix (Mixed);02;01;237560;2018-07-13;day,
Lee Foss;Warm Disco;Warm Disco;01;01;246967;2020-05-22;day,
Matt Sassari;Put A Record On;Put A Record On;01;01;188160;2019-08-16;day,
Piem;Love Commandments;Love Commandments - Alaia & Gallo Remix;02;01;342959;2018-03-16;day,
PAX;Touch Me (PAX & Rui Da Silva Version);Touch Me - PAX & Rui Da Silva Version;01;01;205500;2020-06-05;day,
Bob Moses;Battle Lines [Remixed];Enough to Believe - Jamie Jones Remix;02;01;314872;2019-09-05;day,
Teddy Pendergrass;Life Is A Song Worth Singing (Jamie Jones Remix);Life Is A Song Worth Singing - Jamie Jones Remix;01;01;529532;2019-02-15;day,
Jamie Jones;Fairytale Frequency;Sundancing;02;01;332158;2020-03-27;day,
Toni Rios;Facets Work Out;Closer to You - Sascha Dive's S2 Remix;09;01;601113;2017-10-11;day,
Anabel Englund;London Headache;London Headache - Purple Disco Machine Remix;02;01;523029;2016-11-18;day,
Karol XVII & MB Valence;Whispers (Gorge Remix) [Extended Edition];Whispers - Gorge Extended Remix;01;01;424000;2019-05-24;day,
Guy Gerber;What To Do (Remixes);What To Do - DJ Jes Remix;02;01;529132;2018-10-26;day,
Bontan;10 Days;10 Days;01;01;404305;2019-05-31;day,
Jerson Medina;Long Night;Long Night - Marcelo Vak Remix;03;01;420699;2012-01-19;day,
CamelPhat;Live For The Music (feat. Erire);Live For The Music feat. Erire - Original Mix;01;01;466746;2013-04-16;day,
Piem;Your Name;Your Name;01;01;204591;2020-05-08;day,
Danny Howard;If You Were;If You Were;01;01;240000;2019-08-30;day,
Fabio Aurea;Yini, the Remixes;Yini - Serge Devant Remix;01;01;471473;2019-03-15;day
Sandy Rivera;Hide U (Chicola Remix);Hide U - Chicola Extended Remix;02;01;457882;2019-09-27;day,
Ryan Murgatroyd;Wicked Eyes;Wicked Eyes - Ryan Murgatroyd & Kostakis Disco Cowboy Remix;02;01;461311;2019-06-14;day,
RY X;Body Sun (Claptone Remix);Body Sun - Claptone Remix;02;01;395938;2019-07-12;day,
Housekeeping;Faces;Faces;01;01;248048;2020-05-01;day,
David Penn;Defected Presents House Masters - David Penn;Nobody - Club Mix;01;01;411000;2020-02-21;day,
Mat.Joe;Ya Know;Ya Know;01;01;332903;2019-05-24;day,
Anja Schneider;SoMe;All I See;03;01;372497;2017-11-03;day,
Hot Since 82;8-track;Buggin';03;01;348387;2019-07-26;day,
Yotto;Wondering EP;Wondering - Radio Edit;01;01;212325;2015-08-28;day,
Tapetenwechsel;Feel You;Feel You - Original Mix;02;01;336501;2014-09-16;day,
Eelke Kleijn;Moments Of Clarity (The Remixes);Lost Souls - Nora En Pure Remix;04;01;221495;2020-03-06;day,
Eelke Kleijn;Oscillations;You;07;01;273516;2020-09-25;day,